<?xml version="1.0" encoding="UTF-8" ?> 
<beans xmlns="http://www.springframework.org/schema/beans" xmlns:xsi="http://www.w3.org/2001/XMLSchema-instance" 
 xmlns:aop="http://www.springframework.org/schema/aop" xmlns:tx="http://www.springframework.org/schema/tx" 
 xmlns:p="http://www.springframework.org/schema/p" xmlns:c="http://www.springframework.org/schema/c" 
 xmlns:context="http://www.springframework.org/schema/context" 
 xsi:schemaLocation="http://www.springframework.org/schema/beans http://www.springframework.org/schema/beans/spring-beans-4.0.xsd 
 http://www.springframework.org/schema/aop http://www.springframework.org/schema/aop/spring-aop-4.0.xsd http://www.springframework.org/schema/context
 http://www.springframework.org/schema/context/spring-context-4.0.xsd">
 
 
    <bean id="Disha" class="com.citiustech.model.Employee">
    <property name="id" value="1"></property>
    <property name="hours" value="100"></property>
    <property name="rate" value="180"></property>
    <property name="name" value="Disha"></property>
    <property name="hiredate" value="17/11/2022"></property>
    </bean>
    
    <bean id="Manjiri" class="com.citiustech.model.Employee">
    <property name="id" value="2"></property>
    <property name="hours" value="150"></property>
    <property name="rate" value="180"></property>
    <property name="name" value="Manjiri"></property>
    <property name="hiredate" value="18/11/2022"></property>
    </bean>
    
    <bean id="Pramod" class="com.citiustech.model.Employee">
    <property name="id" value="3"></property>
    <property name="hours" value="200"></property>
    <property name="rate" value="180"></property>
    <property name="name" value="Pramod"></property>
    <property name="hiredate" value="18/11/2022"></property>
    </bean>
    
    
    <bean id="sales" class="com.citiustech.model.Department" autowire="byType">
    <property name="id" value="111"></property>
    <property name="name" value="Sales"></property>
    <property name="location" value="Mumbai"></property>
    </bean>
 	
 </beans>
 
 
 
 
 
 
 
 
 
 
 
 
 
 
 
 
 
 