<?xml version="1.0" encoding="UTF-8" ?> 
<beans xmlns="http://www.springframework.org/schema/beans" xmlns:xsi="http://www.w3.org/2001/XMLSchema-instance" 
 xmlns:aop="http://www.springframework.org/schema/aop" xmlns:tx="http://www.springframework.org/schema/tx" 
 xmlns:p="http://www.springframework.org/schema/p" xmlns:c="http://www.springframework.org/schema/c" 
 xmlns:context="http://www.springframework.org/schema/context" 
 xsi:schemaLocation="http://www.springframework.org/schema/beans http://www.springframework.org/schema/beans/spring-beans-4.0.xsd 
 http://www.springframework.org/schema/aop http://www.springframework.org/schema/aop/spring-aop-4.0.xsd http://www.springframework.org/schema/context
 http://www.springframework.org/schema/context/spring-context-4.0.xsd">
 
 <!-- 	<bean id="javaTrainer" class="com.citiustech.model.JavaTrainer">
 		<property name="name" value="Ajay" />
 		<property name="subjects">
 			<list>
 				<value>OOP</value>
 				<value>Reflection</value>
 				<value>Collection</value>
 			</list>
 		</property>
 	</bean>
  -->
 	<!-- <bean id="trainingCompany" class="com.citiustech.model.SeedInfotech">
 		<property name="trainer" ref="javaTrainer" />
 	</bean> -->	
 	
 	<!-- <bean id="trainingCompany" class="com.citiustech.model.SeedInfotech" autowire="byType">
 	</bean> -->
 	
 	<!-- <bean id="trainingCompany" class="com.citiustech.model.SeedInfotech" autowire="byName">
 	</bean>
 	 -->
 
 	<!-- <bean id="trainingWorkshop" class="com.citiustech.model.TrainingWorkshop">
 		<constructor-arg name="trainingCompany" ref="trainingCompany" />
 	</bean> -->
 	<!-- <bean id="trainingWorkshop" class="com.citiustech.model.TrainingWorkshop" autowire="constructor">
 	</bean> -->
 	
 	<!-- <context:component-scan base-package="com.citiustech.*"/> -->
 	
 	
 	
 	<bean name="javaTrainer" class="com.citiustech.model.JavaTrainer">
 	<property name="name" value="Ajay"></property>
 	<property name="subjects">
 	    <list>
 	        <value>OOP</value>
 	        <value>Reflection</value>
 	        <value>Collections</value>
 	    </list>
 	</property>
 	</bean>
 	
 	
 	<!--<bean id="trainingCompany" class="com.citiustech.model.SeedInfotech" name="byType">
 	<property name="trainer" ref="javaTrainer"></property>
 	
 	</bean> -->
 	
 	<bean id="trainingCompany" class="com.citiustech.model.SeedInfotech" autowire="byType">
 	</bean>
 	
 	<!-- <bean id="trainingWorkshop" class="com.citiustech.model.TrainingWorkshop">
 	<constructor-arg name="trainingCompany" ref="trainingCompany"></constructor-arg>
 	</bean> -->
 	
 	<bean id="trainingWorkshop" class="com.citiustech.model.TrainingWorkshop" autowire="constructor">
 	</bean>
 	
 </beans>
 
 
 
 
 
 
 
 
 
 
 
 
 
 
 
 
 
 