<?xml version="1.0" encoding="UTF-8" ?> 
<beans xmlns="http://www.springframework.org/schema/beans" xmlns:xsi="http://www.w3.org/2001/XMLSchema-instance" 
 xmlns:aop="http://www.springframework.org/schema/aop" xmlns:tx="http://www.springframework.org/schema/tx" 
 xmlns:p="http://www.springframework.org/schema/p" xmlns:c="http://www.springframework.org/schema/c" 
 xmlns:context="http://www.springframework.org/schema/context" 
 xsi:schemaLocation="http://www.springframework.org/schema/beans http://www.springframework.org/schema/beans/spring-beans-4.0.xsd 
 http://www.springframework.org/schema/aop http://www.springframework.org/schema/aop/spring-aop-4.0.xsd http://www.springframework.org/schema/context
 http://www.springframework.org/schema/context/spring-context-4.0.xsd">
 
 	
 	<bean id="course1" class="com.citiustech.model.Course">
 	     <property name="CourseId" value="123"></property>
 	     <property name="CourseName" value="Java"></property>
 	     <property name="fees" value="10000"></property>
 	</bean>
 	
 	<bean id="Student1" class="com.citiustech.model.Student" autowire="byType">
 	     <property name="studentId" value="1"></property>
 	     <property name="studentName" value="Jack"></property>
 	     <property name="mobileNo" value="8796567893"></property>
 	     <property name="email" value="jack@gmail.com"></property>
 	     <property name="course" ref="course1"></property>
 	     
 	</bean>
 	
 	<bean id="Student2" class="com.citiustech.model.Student" >
 	     <property name="studentId" value="1"></property>
 	     <property name="studentName" value="Jack"></property>
 	     <property name="mobileNo" value="8796567893"></property>
 	     <property name="email" value="jack@gmail.com"></property>
 	     <property name="course" ref="course1"></property>
 	</bean>
 	
 
 	
 </beans>
 
 
 
 
 
 
 
 
 
 
 
 
 
 
 
 